-- Automations, triggers, runs, and capability policy seed data.

INSERT INTO automations (
  id, org_id, repository_id, name, goal, scope, icon_type, icon_value,
  agent_type, model_override, reasoning_effort, execution_mode,
  max_concurrent, base_branch, identity_scope, pre_pr_review_loops,
  schedule_type, interval_value, interval_unit, interval_run_at,
  cron_expression, timezone, github_event_triggers, github_event_filters,
  next_run_at, last_run_at, enabled, created_by, paused_by, paused_at,
  priority, external_metadata, created_at, updated_at
)
VALUES
  (
    '00000000-0000-4000-a000-000000000830'::uuid,
    '00000000-0000-4000-a000-000000000001'::uuid,
    '00000000-0000-4000-a000-000000000100'::uuid,
    'PagerDuty incident triage',
    'When a production incident maps to a repository, inspect the linked service, propose a small fix, and keep the incident thread updated with evidence.',
    'Preview gateway, auth callbacks, and provider webhooks only.',
    'emoji',
    'P',
    'codex',
    NULL,
    'high',
    'sequential',
    1,
    'main',
    'org',
    1,
    'none',
    NULL,
    NULL,
    NULL,
    NULL,
    'UTC',
    ARRAY[]::text[],
    '{}'::jsonb,
    NULL,
    now() - interval '6 minutes',
    true,
    '00000000-0000-4000-a000-000000000002'::uuid,
    NULL,
    NULL,
    90,
    '{"provider":"pagerduty","seeded":true}'::jsonb,
    now() - interval '12 days',
    now() - interval '6 minutes'
  ),
  (
    '00000000-0000-4000-a000-000000000831'::uuid,
    '00000000-0000-4000-a000-000000000001'::uuid,
    '00000000-0000-4000-a000-000000000101'::uuid,
    'Linear backlog groomer',
    'Review eligible Linear and Sentry issues, cluster related provider signals, and delegate the safest high-impact items to agents.',
    'Example service integration backlog and webhook reliability work.',
    'emoji',
    'L',
    'pm_agent',
    NULL,
    'medium',
    'dependency_graph',
    2,
    'main',
    'org',
    0,
    'interval',
    1,
    'days',
    '09:00',
    NULL,
    'America/Los_Angeles',
    ARRAY[]::text[],
    '{}'::jsonb,
    date_trunc('day', now()) + interval '1 day' + interval '9 hours',
    now() - interval '18 hours',
    true,
    '00000000-0000-4000-a000-000000000002'::uuid,
    NULL,
    NULL,
    70,
    '{"provider":"linear","seeded":true}'::jsonb,
    now() - interval '10 days',
    now() - interval '18 hours'
  ),
  (
    '00000000-0000-4000-a000-000000000832'::uuid,
    '00000000-0000-4000-a000-000000000001'::uuid,
    '00000000-0000-4000-a000-000000000100'::uuid,
    'Code review comment responder',
    'Watch review-comment events, reproduce the reported concern, and update the PR with a focused fix or a clear explanation.',
    'Small review comments on assembledhq/143 pull requests.',
    'emoji',
    'R',
    'codex',
    NULL,
    'medium',
    'sequential',
    1,
    'main',
    'personal',
    2,
    'none',
    NULL,
    NULL,
    NULL,
    NULL,
    'UTC',
    ARRAY['github.pull_request.opened','github.pull_request_review_comment.created'],
    '{"repositories":["assembledhq/143"],"labels":["needs-agent"]}'::jsonb,
    NULL,
    now() - interval '2 days',
    false,
    '00000000-0000-4000-a000-000000000002'::uuid,
    '00000000-0000-4000-a000-000000000002'::uuid,
    now() - interval '2 hours',
    60,
    '{"provider":"github","seeded":true}'::jsonb,
    now() - interval '9 days',
    now() - interval '2 hours'
  )
ON CONFLICT (id) DO UPDATE
SET name = EXCLUDED.name,
    goal = EXCLUDED.goal,
    scope = EXCLUDED.scope,
    icon_type = EXCLUDED.icon_type,
    icon_value = EXCLUDED.icon_value,
    agent_type = EXCLUDED.agent_type,
    reasoning_effort = EXCLUDED.reasoning_effort,
    execution_mode = EXCLUDED.execution_mode,
    max_concurrent = EXCLUDED.max_concurrent,
    base_branch = EXCLUDED.base_branch,
    identity_scope = EXCLUDED.identity_scope,
    pre_pr_review_loops = EXCLUDED.pre_pr_review_loops,
    schedule_type = EXCLUDED.schedule_type,
    interval_value = EXCLUDED.interval_value,
    interval_unit = EXCLUDED.interval_unit,
    interval_run_at = EXCLUDED.interval_run_at,
    timezone = EXCLUDED.timezone,
    github_event_triggers = EXCLUDED.github_event_triggers,
    github_event_filters = EXCLUDED.github_event_filters,
    next_run_at = EXCLUDED.next_run_at,
    last_run_at = EXCLUDED.last_run_at,
    enabled = EXCLUDED.enabled,
    paused_by = EXCLUDED.paused_by,
    paused_at = EXCLUDED.paused_at,
    priority = EXCLUDED.priority,
    external_metadata = EXCLUDED.external_metadata,
    updated_at = EXCLUDED.updated_at;

INSERT INTO automation_event_triggers (
  id, org_id, automation_id, provider, event_types, filter,
  repository_id, enabled, created_at, updated_at
)
VALUES
  (
    '00000000-0000-4000-a000-000000000833'::uuid,
    '00000000-0000-4000-a000-000000000001'::uuid,
    '00000000-0000-4000-a000-000000000830'::uuid,
    'pagerduty',
    ARRAY['incident.triggered','incident.reopened'],
    '{"service_ids":["PD-SVC-PREVIEW"],"urgency":["high"]}'::jsonb,
    '00000000-0000-4000-a000-000000000100'::uuid,
    true,
    now() - interval '12 days',
    now() - interval '6 minutes'
  ),
  (
    '00000000-0000-4000-a000-000000000834'::uuid,
    '00000000-0000-4000-a000-000000000001'::uuid,
    '00000000-0000-4000-a000-000000000831'::uuid,
    'linear',
    ARRAY['issue.created','issue.updated'],
    '{"team_ids":["LIN-TEAM-INTEGRATIONS"],"labels":["ready-for-agent","bug"]}'::jsonb,
    '00000000-0000-4000-a000-000000000101'::uuid,
    true,
    now() - interval '10 days',
    now() - interval '18 hours'
  ),
  (
    '00000000-0000-4000-a000-000000000835'::uuid,
    '00000000-0000-4000-a000-000000000001'::uuid,
    '00000000-0000-4000-a000-000000000832'::uuid,
    'github',
    ARRAY['github.pull_request.opened','github.pull_request_review_comment.created'],
    '{"branches":["main"],"labels":["needs-agent"]}'::jsonb,
    '00000000-0000-4000-a000-000000000100'::uuid,
    false,
    now() - interval '9 days',
    now() - interval '2 hours'
  )
ON CONFLICT (id) DO UPDATE
SET event_types = EXCLUDED.event_types,
    filter = EXCLUDED.filter,
    repository_id = EXCLUDED.repository_id,
    enabled = EXCLUDED.enabled,
    updated_at = EXCLUDED.updated_at;

INSERT INTO automation_runs (
  id, automation_id, org_id, triggered_at, triggered_by,
  triggered_by_user_id, scheduled_time, trigger_id, provider,
  provider_event_id, trigger_context, goal_snapshot, config_snapshot,
  status, capability_snapshot, completed_at, result_summary,
  created_at, updated_at
)
VALUES
  (
    '00000000-0000-4000-a000-000000000836'::uuid,
    '00000000-0000-4000-a000-000000000830'::uuid,
    '00000000-0000-4000-a000-000000000001'::uuid,
    now() - interval '5 hours',
    'provider_event',
    NULL,
    NULL,
    '00000000-0000-4000-a000-000000000833'::uuid,
    'pagerduty',
    'pd-demo-event-900',
    '{"incident_id":"PD-DEMO-900","service_id":"PD-SVC-PREVIEW"}'::jsonb,
    'When a production incident maps to a repository, inspect the linked service, propose a small fix, and keep the incident thread updated with evidence.',
    '{"repository":"assembledhq/143","base_branch":"main","trigger":"pagerduty"}'::jsonb,
    'completed',
    '[{"capability_id":"pagerduty","access_level":"read"},{"capability_id":"github","access_level":"write"}]'::jsonb,
    now() - interval '4 hours' - interval '40 minutes',
    'Confirmed a synthetic timeout regression and opened a follow-up issue for gateway warmup telemetry.',
    now() - interval '5 hours',
    now() - interval '4 hours' - interval '40 minutes'
  ),
  (
    '00000000-0000-4000-a000-000000000837'::uuid,
    '00000000-0000-4000-a000-000000000830'::uuid,
    '00000000-0000-4000-a000-000000000001'::uuid,
    now() - interval '6 minutes',
    'provider_event',
    NULL,
    NULL,
    '00000000-0000-4000-a000-000000000833'::uuid,
    'pagerduty',
    'pd-demo-event-901',
    '{"incident_id":"PD-DEMO-901","service_id":"PD-SVC-PREVIEW","urgency":"high"}'::jsonb,
    'When a production incident maps to a repository, inspect the linked service, propose a small fix, and keep the incident thread updated with evidence.',
    '{"repository":"assembledhq/143","base_branch":"main","trigger":"pagerduty"}'::jsonb,
    'running',
    '[{"capability_id":"pagerduty","access_level":"read"},{"capability_id":"github","access_level":"write"}]'::jsonb,
    NULL,
    NULL,
    now() - interval '6 minutes',
    now() - interval '6 minutes'
  ),
  (
    '00000000-0000-4000-a000-000000000838'::uuid,
    '00000000-0000-4000-a000-000000000831'::uuid,
    '00000000-0000-4000-a000-000000000001'::uuid,
    now() - interval '18 hours',
    'schedule',
    NULL,
    date_trunc('day', now()) - interval '15 hours',
    NULL,
    NULL,
    NULL,
    '{"schedule":"daily","window":"business_hours"}'::jsonb,
    'Review eligible Linear and Sentry issues, cluster related provider signals, and delegate the safest high-impact items to agents.',
    '{"repository":"assembledhq/example-service","base_branch":"main","trigger":"schedule"}'::jsonb,
    'completed',
    '[{"capability_id":"linear","access_level":"read"},{"capability_id":"github","access_level":"write"}]'::jsonb,
    now() - interval '17 hours' - interval '42 minutes',
    'Clustered two webhook issues and delegated one parser fix to the queue.',
    now() - interval '18 hours',
    now() - interval '17 hours' - interval '42 minutes'
  ),
  (
    '00000000-0000-4000-a000-000000000839'::uuid,
    '00000000-0000-4000-a000-000000000831'::uuid,
    '00000000-0000-4000-a000-000000000001'::uuid,
    now() - interval '2 days',
    'schedule',
    NULL,
    date_trunc('day', now()) - interval '2 days' + interval '9 hours',
    NULL,
    NULL,
    NULL,
    '{"schedule":"daily","window":"business_hours"}'::jsonb,
    'Review eligible Linear and Sentry issues, cluster related provider signals, and delegate the safest high-impact items to agents.',
    '{"repository":"assembledhq/example-service","base_branch":"main","trigger":"schedule"}'::jsonb,
    'failed',
    '[{"capability_id":"linear","access_level":"read"},{"capability_id":"github","access_level":"write"}]'::jsonb,
    now() - interval '2 days' + interval '16 minutes',
    'Synthetic failure: Linear webhook payload was missing a team mapping before the seed added one.',
    now() - interval '2 days',
    now() - interval '2 days' + interval '16 minutes'
  ),
  (
    '00000000-0000-4000-a000-000000000840'::uuid,
    '00000000-0000-4000-a000-000000000832'::uuid,
    '00000000-0000-4000-a000-000000000001'::uuid,
    now() - interval '2 days',
    'github',
    NULL,
    NULL,
    '00000000-0000-4000-a000-000000000835'::uuid,
    'github',
    'gh-demo-review-comment-42',
    '{"repository":"assembledhq/143","pull_request":42,"comment_path":"frontend/src/components/preview/PreviewStatus.tsx"}'::jsonb,
    'Watch review-comment events, reproduce the reported concern, and update the PR with a focused fix or a clear explanation.',
    '{"repository":"assembledhq/143","base_branch":"main","trigger":"github"}'::jsonb,
    'completed_noop',
    '[{"capability_id":"github","access_level":"read"}]'::jsonb,
    now() - interval '2 days' + interval '8 minutes',
    'Automation was paused after deduping the review comment against an active code-review session.',
    now() - interval '2 days',
    now() - interval '2 days' + interval '8 minutes'
  )
ON CONFLICT (id) DO UPDATE
SET triggered_at = EXCLUDED.triggered_at,
    triggered_by = EXCLUDED.triggered_by,
    triggered_by_user_id = EXCLUDED.triggered_by_user_id,
    scheduled_time = EXCLUDED.scheduled_time,
    trigger_id = EXCLUDED.trigger_id,
    provider = EXCLUDED.provider,
    provider_event_id = EXCLUDED.provider_event_id,
    trigger_context = EXCLUDED.trigger_context,
    goal_snapshot = EXCLUDED.goal_snapshot,
    config_snapshot = EXCLUDED.config_snapshot,
    status = EXCLUDED.status,
    capability_snapshot = EXCLUDED.capability_snapshot,
    completed_at = EXCLUDED.completed_at,
    result_summary = EXCLUDED.result_summary,
    updated_at = EXCLUDED.updated_at;

INSERT INTO agent_capability_policies (
  id, org_id, policy_type, automation_id, name, active, created_by, created_at
)
VALUES
  ('00000000-0000-4000-a000-000000000841'::uuid, '00000000-0000-4000-a000-000000000001'::uuid, 'automation', '00000000-0000-4000-a000-000000000830'::uuid, 'PagerDuty triage capabilities', true, '00000000-0000-4000-a000-000000000002'::uuid, now() - interval '12 days'),
  ('00000000-0000-4000-a000-000000000842'::uuid, '00000000-0000-4000-a000-000000000001'::uuid, 'automation', '00000000-0000-4000-a000-000000000831'::uuid, 'Backlog grooming capabilities', true, '00000000-0000-4000-a000-000000000002'::uuid, now() - interval '10 days'),
  ('00000000-0000-4000-a000-000000000843'::uuid, '00000000-0000-4000-a000-000000000001'::uuid, 'automation', '00000000-0000-4000-a000-000000000832'::uuid, 'Review response capabilities', true, '00000000-0000-4000-a000-000000000002'::uuid, now() - interval '9 days')
ON CONFLICT (id) DO UPDATE
SET name = EXCLUDED.name,
    active = EXCLUDED.active;

INSERT INTO agent_capability_policy_grants (
  id, org_id, policy_id, capability_id, access_level, enabled,
  config, created_by, created_at
)
VALUES
  ('00000000-0000-4000-a000-000000000844'::uuid, '00000000-0000-4000-a000-000000000001'::uuid, '00000000-0000-4000-a000-000000000841'::uuid, 'pagerduty', 'read', true, '{"services":["PD-SVC-PREVIEW"]}'::jsonb, '00000000-0000-4000-a000-000000000002'::uuid, now() - interval '12 days'),
  ('00000000-0000-4000-a000-000000000845'::uuid, '00000000-0000-4000-a000-000000000001'::uuid, '00000000-0000-4000-a000-000000000841'::uuid, 'github', 'write', true, '{"repositories":["assembledhq/143"]}'::jsonb, '00000000-0000-4000-a000-000000000002'::uuid, now() - interval '12 days'),
  ('00000000-0000-4000-a000-000000000846'::uuid, '00000000-0000-4000-a000-000000000001'::uuid, '00000000-0000-4000-a000-000000000842'::uuid, 'linear', 'read', true, '{"teams":["LIN-TEAM-INTEGRATIONS"]}'::jsonb, '00000000-0000-4000-a000-000000000002'::uuid, now() - interval '10 days'),
  ('00000000-0000-4000-a000-000000000847'::uuid, '00000000-0000-4000-a000-000000000001'::uuid, '00000000-0000-4000-a000-000000000842'::uuid, 'github', 'write', true, '{"repositories":["assembledhq/example-service"]}'::jsonb, '00000000-0000-4000-a000-000000000002'::uuid, now() - interval '10 days'),
  ('00000000-0000-4000-a000-000000000848'::uuid, '00000000-0000-4000-a000-000000000001'::uuid, '00000000-0000-4000-a000-000000000843'::uuid, 'github', 'read', true, '{"repositories":["assembledhq/143"]}'::jsonb, '00000000-0000-4000-a000-000000000002'::uuid, now() - interval '9 days')
ON CONFLICT (id) DO UPDATE
SET access_level = EXCLUDED.access_level,
    enabled = EXCLUDED.enabled,
    config = EXCLUDED.config;
